신의 탑,뷰티풀 군바리,윈드브레이커,대학일기,귀전구담,선천적 얼간이들 (재)
소녀의 세계,평범한 8반,마왕이 되는 중2야,가우스전자 시즌3,마루한 - 구현동화전,마이너스의 손
하루 3컷,퓨어 이블,이상하고 아름다운,꿈의 기업,생활의참견,탈(TAL)
히어로메이커,팀피닉스,동토의 여명,찬란하지 않아도 괜찮아,송곳 4~5부,마음의소리
노블레스,하이브3,오!주예수여,절벽귀 (재),빙탕후루,슈퍼 시크릿
신도림,덴마,오늘부터 주군,미라클! 용사님,놓지마 정신줄 시즌2,데모니악
제로게임,가우스전자 시즌3,하루 3컷,신의 언어,공감.jpg,윌유메리미
열일곱,에이머,모태솔로수용소 시즌2~3,열정호구,차원이 다른 만화,첩보의 별 시즌2
패밀리 사이즈,기로,복학왕,연놈,유미의 세포들,미시령
헬퍼 2 : 킬베로스,목욕의 신 (재),오늘도 형제는 평화롭다,고수,조선왕조실톡,퍼스트 미션
DEY 호러채널,가우스전자 시즌3,이런 영웅은 싫어,돌아온 럭키짱,웃지 않는 개그반 시즌3,야채호빵의 봄방학
하루 3컷,언덕 위의 제임스,녹두전,당신만 몰라!,잡다한컷,푸른사막 아아루
지금 이 순간 마법처럼,나는 귀머거리다,씬커,Penguin loves Mev,칼부림,안전의 참견
연애혁명,기기괴괴,신과함께 (재),대학일기,최강전설 강해효,문유
쿠베라,전자오락수호대,Doll 체인지,가담항설,계룡선녀전,가우스전자 시즌3
마술사,하루 3컷,하나의 하루,에피소드칵테일,아일랜드 2부,백귀야행지
파도의 주인,우리집에 곰이 이사왔다,킬더킹,서북의 저승사자,천국의 신화 6부,특수 영능력 수사반
동네변호사 조들호 시즌2,외모지상주의,갓 오브 하이스쿨,쌉니다 천리마마트 (재),한번 더 해요,더 게이머
결계녀,덴마,밥 먹고 갈래요?,테러맨,가우스전자 시즌3,공대생 너무만화
하루 3컷,낮에 뜨는 달,아테나 컴플렉스,강변살다,연애학,피에는 피
조선좀비실록,골든 체인지,그들에게 사면초가,잡다한컷,이별만화 완성도,몽홀
킬러 김빵빵,Penguin loves Mev,시노딕,진눈깨비 소년,프리드로우,용이산다
호랑이형님,내 ID는 강남미인!,부활남,유미의 세포들,금수저,공복의 저녁식사
나노리스트,대가리,야부리맨,놓지마 정신줄 시즌2,아메리카노 엑소더스,하루 3컷
갸오오와 사랑꾼들,공감.jpg,인간의 숲 (재),나이트런,윌유메리미,귀각시
생활의참견,나는 귀머거리다,트럼프,첩보의 별 시즌2,구름의 이동속도,네버랜 연대기
스피릿 핑거스,열렙전사,조의 영역 (재),뱀이 앉은 자리,구구까까,다이스(DICE)
오늘도 형제는 평화롭다,연애의 정령,덴마,조선왕조실톡,달수 이야기,군인RPG
허니허니 웨딩,마법스크롤상인 지오,감염자,하루 3컷,심심한 마왕,내일
열일곱,도망자,호랭총각,귀도호가록,마스크걸,웅이는 배고파
